"Path","Bytes","SHA256"
"01-Presentation/Fabric_Migration_Readiness_Assistant_Demo_Script.txt","1818","a6f2244101e2bf8914d1744619b27a6612af16279b2c30faa13b8b652e2f308f"
"01-Presentation/Fabric_Migration_Readiness_Assistant_Hackathon_Deck.pptx","3803424","d254c75750f9a9e333d0efabeaa65305f2971fc5751871e9eb21c4ddb23e5ad4"
"02-Video/Fabric_Migration_Readiness_Assistant_2min_Demo.mp4","11207450","7e8e84e49ce8739f9e1c4ce7f8c96bd0df9a83ff0aea6e4318ccbeab390de609"
"02-Video/Fabric_Migration_Readiness_Assistant_Narration.txt","2206","a22377f7f8e1f8c68bdf51fdda6626f7a77ed3f58074842a27135cf0d0fc0a9c"
"03-Prototype-and-Testing/Fabric_Migration_Readiness_Assistant.html","62828","438ed38c290c732973336c62164332c65b1e2ea958646cd86721c5e41474dd49"
"03-Prototype-and-Testing/scenarios/Contoso_Energy_Utilities_Assessed_Estate.csv","2154","e3fc1a45903635e0c209a6842f9a0e630edf4c57aa1208dc6cc8713337493345"
"03-Prototype-and-Testing/scenarios/Northwind_Healthcare_Assessed_Estate.csv","1995","d3ee653c5a19bf81ced7fed7d138845669e6f8ceeea6811d4da412b8484d9b59"
"03-Prototype-and-Testing/scenarios/TEAM_TEST_GUIDE.md","4431","3b387c0ebdcee506d573f97c250bb8fdeb5849f65a50d6ae68fcbe06a6c5c0df"
"03-Prototype-and-Testing/scenarios/TEST_RESULTS_TEMPLATE.csv","130","c7a58a971c8d4f6822d457a8614d2b92548c11e3e46d38ebfeff601230577a60"
"03-Prototype-and-Testing/scenarios/Woodgrove_Financial_Services_Assessed_Estate.csv","2221","caa02c5499d6611a617289978e74ddab8f2630121b24b6fbb3ff5b30d2699172"
"04-Future-Architecture/CSA_REUSE_PLAYBOOK.md","3640","5112859fbc3e3250851170cc51e4510e7232fe39be678d56b0bd1b8be8c5a2b4"
"04-Future-Architecture/FUTURE_ARCHITECTURE.md","8467","3bd74fe0b3c3f99b4e9ae9c4cf6583e3bd97ba5b5dff561a547fefa3c4d3f2d4"
"05-Copilot-Workspace/.github/agents/fabric-adoption-discovery.agent.md","3446","88e352af8bf3b9c6941edac4016aa36bfc8c129718d038e45dc06aa8b0bec563"
"05-Copilot-Workspace/.github/skills/fabric-adoption-readiness/references/MAINTENANCE.md","2378","8d40c409bd44a27572b6a187cd3e2e585f7690231427d47c4d6982550918edf8"
"05-Copilot-Workspace/.github/skills/fabric-adoption-readiness/SKILL.md","7699","3437f47820d7355b0f8a8857486bac1375cdcdf8bbc74dcb2f86b3965d6840e1"
"05-Copilot-Workspace/.vscode/mcp.json","133","a55a1c1d765532bfdb4a37860da30f26d421bfc39d42fcd1979c14a737330f4a"
"06-Assessment-Engine/examples/sample_estate.csv","266","67dc7e3b7fd4bfa32c7d8f1931157e72f9472ca360af7f2bd7765b7b44c4a85f"
"06-Assessment-Engine/examples/sample_intake.yaml","868","0ed476abed12351deec7f6148115c8baeefa63b284f945e5dfa6669ea071f73e"
"06-Assessment-Engine/examples/sample_report.html","6792","a41621006dd6f6aa97b1a875419df45fa91ebfe3603eefd32cb9387556f83cff"
"06-Assessment-Engine/examples/sample_report.json","2958","cf6b99f2eff47de878c080245b05cfc6a3340919e418c08649b1f6deb3f9b275"
"06-Assessment-Engine/pyproject.toml","761","6b194fae732e2be197ab1bdcdbcacaa463befec0ea36ba8b9305b7b00ded5307"
"06-Assessment-Engine/README.md","8642","6058ce50ade60cfeb3d876931517efa4e06d3673c7d3ad2b1acdf18f807236cd"
"06-Assessment-Engine/src/fabric_adoption_assistant.egg-info/dependency_links.txt","1","01ba4719c80b6fe911b091a7c05124b64eeece964e09c058ef8f9805daca546b"
"06-Assessment-Engine/src/fabric_adoption_assistant.egg-info/entry_points.txt","70","cac1e8293e9f2b2560842ac23d0a4a8329136161de82646104b4a77d14db5880"
"06-Assessment-Engine/src/fabric_adoption_assistant.egg-info/PKG-INFO","373","102805cc9bbe54c04911b6338231f1710d21e35c89fe2eadd0155170c0b854f5"
"06-Assessment-Engine/src/fabric_adoption_assistant.egg-info/requires.txt","80","112946a50b87a713f8913e4dfa2f3b39baca57424b19072ebd52256318a2ac51"
"06-Assessment-Engine/src/fabric_adoption_assistant.egg-info/SOURCES.txt","924","a27e9896e357b3c22f500e8ad2db45259a70b0cd15a13a04be64e8376e280a76"
"06-Assessment-Engine/src/fabric_adoption_assistant.egg-info/top_level.txt","26","ffb70591709aa961a37cbd0118ec978c7881e978de50a0df77f0ce0f67a1eb72"
"06-Assessment-Engine/src/fabric_adoption_assistant/__init__.py","69","1fc2dc6dc8c869c9709db744843776950aca7d68c2a004f9e428779867078f17"
"06-Assessment-Engine/src/fabric_adoption_assistant/cli.py","2433","59f610aab59cc9928c3d3971fbd72380a085896ef7be68e0a47930cd238ab62c"
"06-Assessment-Engine/src/fabric_adoption_assistant/data/__init__.py","38","d6bc3d393cb87f36a67334cbaa1c88398503f971ddeb14da1fa3c565cddfb1e9"
"06-Assessment-Engine/src/fabric_adoption_assistant/data/knowledge_base.yaml","9834","0fe3c81cd40503fc9752775fc94abb0260e152e6fd11fc0e38f4957ba1f2df68"
"06-Assessment-Engine/src/fabric_adoption_assistant/discovery.py","1553","40b334cea2ee203de49e16a5b2edbdeb2906ba051ef27a9e2ddab88c1d3fb9d8"
"06-Assessment-Engine/src/fabric_adoption_assistant/engine.py","4726","853ba804738ea1e8a536b797de00531cfa591ea2a3d56918c0f1179e262afd5f"
"06-Assessment-Engine/src/fabric_adoption_assistant/importers.py","5849","77ef9c41484460126f5381bb3c10304ae3e418dbed52c2ebd8f17fe8323de3f5"
"06-Assessment-Engine/src/fabric_adoption_assistant/knowledge_base.py","1098","e81e138f49998f3112d25410feb9cee6a390974f9c8c9572fd3bd8199dd2a928"
"06-Assessment-Engine/src/fabric_adoption_assistant/models.py","2211","63d1e846918117505a8b0eb8f1e83cc8c61f0998a35ce0fd07a27ccfaa2c2113"
"06-Assessment-Engine/src/fabric_adoption_assistant/report.py","1201","783811994273ff64fa4fdf56d14714758aa0e9b69483dacfe64420f86a216856"
"06-Assessment-Engine/src/fabric_adoption_assistant/templates/report.html.j2","6309","3738b72351dae13fec20a5e8ec8ee0f410c0495a68ac295ca56fdda1b95cbb7b"
"06-Assessment-Engine/TESTING.md","4486","5b76c30dbdbfe22021e97c0ef209e1619ce06a611f13ff39966cee34b027c022"
"06-Assessment-Engine/tests/test_agent_contract.py","895","23e06c1059f6a2f391d49a64cb64937e7c7136fa80708b4f8504c9bb51b31dbe"
"06-Assessment-Engine/tests/test_discovery.py","751","3ef636c40bfbf4206a1583f961e8468878bab96608354e751d608c018504921f"
"06-Assessment-Engine/tests/test_engine.py","3379","74b330bde22885c8783bfd169984082ca0680a2c043c06d82e04f80e7fae1906"
"06-Assessment-Engine/tests/test_importers.py","2184","990e50acb1f17cecc85d75719ccd79c747f3866b90e82ac616d1bfc055aee471"
"06-Assessment-Engine/tests/test_report.py","1235","350dbe8eb23f246e89aae06ecec684831f5ce5e06e7c7f189fa22f683b67b6ce"
"INSTALL_SKILL.md","632","d431f9581709fd5f0ab2cc51c3bf096897f3cadff452693b86dcf30379cd5772"
"START_HERE.md","1357","e85204b7041355149d9dc8ae37bcf73163b95b9eaaca20c26c0b1cc3526d9468"
"VERSION.txt","188","1872a3d8fd4d5b43c589aeabd65fae7e3f4431c53c31ebea4c95907caa1c866f"
